ENGLISH,SPANISH,GERMAN,FRENCH
of,de,von,de
I,I,ICH,je
not,no,nicht,pas
THE,EL,DER,LE
YOU,TÃÂ,DU,TOI
there,allÃÂ¡,Dort,lÃÂ 
that,eso,Das,que
A,A,A,UN
he,ÃÂ©l,Er,il
And,Y,Und,Et
has,tiene,hat,a
has,tiene,hat,a
born,nacido,geboren,nÃÂ©
THE,EL,DER,LE
This,Este,Das,Ce
in,en,In,dans
we,nosotros,Wir,nous
That,Eso,Das,Que
a,a,A,un
have,tener,haben,avoir
For,Para,FÃÂ¼r,Pour
of the,del,des,de la
Who,OMS,WHO,OMS
We,Nosotros,Wir,Nous
but,pero,Aber,mais
Y,Y,Y,Y
me,a mÃÂ­,Mich,moi
In,En,In,Dans
of,de,von,de
GOOD,BIEN,GUT,BIEN
She,Ella,Sie,Elle
if,si,Wenn,si
All,Todo,Alle,Tous
more,mÃÂ¡s,mehr,plus
No,No,NEIN,Non
My,Mi,Mein,Mon
am,soy,Bin,suis
you,tÃÂº,Du,toi
At,En,Bei,ÃÂ
with,con,mit,avec
Yes,SÃÂ­,Ja,Oui
go,ir,gehen,aller
You,TÃÂº,Du,Toi
do,hacer,Tun,faire
they,ellos,Sie,ils
AS,COMO,ALS,COMME
be,ser,Sei,ÃÂªtre
TO DO,HACER,MACHEN,FAIRE
se,SE,se,SE
as,como,als,comme
was,era,War,ÃÂ©tait
on,en,An,sur
What,QuÃÂ©,Was,Quoi
here,aquÃÂ­,Hier,ici
know,saber,wissen,savoir
him,a ÃÂ©l,ihn,lui
want,desear,wollen,vouloir
my,mi,Mein,mon
there,allÃÂ¡,Dort,lÃÂ 
said,dicho,sagte,dit
es,cepalle,es,es
Or,O,Oder,Ou
your,su,dein,ton
Why,Por quÃÂ©,Warum,Pourquoi
are,son,Sind,sont
this,este,Das,ce
When,Cuando,Wann,Quand
by,por,von,par
her,su,ihr,son
your,su,dein,ton
can,poder,dÃÂ¼rfen,peut
SO,ENTONCES,ALSO,DONC
say,decir,sagen,dire
go,ir,gehen,aller
how,cÃÂ³mo,Wie,comment
have,tener,haben,avoir
Good,Bien,Gut,Bien
Or,O,Oder,Ou
very,muy,sehr,trÃÂ¨s
even,incluso,sogar,mÃÂªme
THANKS,GRACIAS,DANKE,MERCI
have,tener,haben,avoir
Never,Nunca,Niemals,Jamais
Also,TambiÃÂ©n,Auch,Aussi
thing,cosa,Ding,chose
see,ver,sehen,voir
Go on,Seguir,Mach weiter,Continue
all,todo,alle,tous
these,estos,diese,ces
two,dos,zwei,deux
her,su,ihr,son
must,debe,muss,doit
summer,verano,Sommer,ÃÂ©tÃÂ©
are,son,Sind,sont
your,su,dein,ton
to have,tener,haben,avoir
do,hacer,Tun,faire
can,poder,dÃÂ¼rfen,peut
other,otro,andere,autre
NOW,AHORA,JETZT,MAINTENANT
Again,De nuevo,Wieder,Encore
little,pequeÃÂ±o,wenig,petit
Really,En realidad,Wirklich,Vraiment
M,METRO,M,M
my,mi,Mein,mon
time,tiempo,Zeit,temps
always,siempre,stets,toujours
OUR,NUESTRO,UNSER,NOTRE
life,vida,Leben,vie
Oh,Oh,Oh,Oh
just,justo,Nur,juste
without,sin,ohne,sans
had,tenÃÂ­a,hatte,avait
some,alguno,manche,quelques
world,mundo,Welt,monde
agreement,acuerdo,Vereinbarung,accord
seen,visto,gesehen,vu
times,veces,mal,fois
go,ir,gehen,aller
too much,demasiado,zu viel,trop
come,venir,kommen,viens
believe,creer,glauben,croire
must,debe,muss,doit
father,padre,Vater,pÃÂ¨re
God,Dios,Gott,Dieu
man,hombre,Mann,homme
on,en,An,sur
to,a,Zu,ÃÂ 
their,su,ihre,leur
Before,Antes,Vor,Avant
is,es,Ist,est
need,necesidad,brauchen,besoin
women,mujer,Frauen,femmes
person,persona,Person,personne
had,tenÃÂ­a,hatte,avait
love,amar,Liebe,amour
at the house of,en la casa de,im Haus von,ÃÂ  la maison de
TRUE,VERDADERO,WAHR,VRAI
years,aÃÂ±os,Jahre,annÃÂ©es
his,su,sein,son
wrong,equivocado,falsch,faux
talk,hablar,sprechen,parler
your,su,dein,ton
After,DespuÃÂ©s,Nach,AprÃÂ¨s
dead,muerto,tot,mort
That,Eso,Das,Que
eu,UE,EU,UE
wanna,querer,will,veut
because,porque,Weil,parce que
will be,serÃÂ¡,wird sein,sera
better,mejor,besser,mieux
Good,Bien,Gut,Bien
little,pequeÃÂ±o,wenig,petit
your,su,dein,ton
say,decir,sagen,dire
a lot,mucho,eine Menge,beaucoup
Sir,SeÃÂ±or,Herr,Monsieur
There,AllÃÂ¡,Dort,LÃÂ 
Since,Desde,Seit,Depuis
must,debe,muss,doit
mother,madre,Mutter,mÃÂ¨re
what,quÃÂ©,Was,quoi
go,ir,gehen,aller
see,ver,sehen,voir
girl,chica,MÃÂ¤dchen,fille
Already,Ya,Bereits,DÃÂ©jÃÂ 
people,gente,Menschen,personnes
SO,ENTONCES,ALSO,DONC
day,dÃÂ­a,Tag,jour
he,ÃÂ©l,Er,il
others,otros,Andere,autres
evening,noche,Abend,soirÃÂ©e
all,todo,alle,tous
Yeah,SÃÂ­,Ja,Ouais
money,dinero,Geld,argent
House,Casa,Haus,Maison
name,nombre,Name,nom
Good morning,Buen dÃÂ­a,Guten Morgen,Bonjour
think,pensar,denken,pense
our,nuestro,unser,notre
that,eso,Das,que
night,noche,Nacht,nuit
have,tener,haben,avoir
II,II,Ii,Ii
shit,mierda,Scheisse,merde
this,este,Das,ce
dad,papÃÂ¡,Papa,papa
Mom,MamÃÂ¡,Mama,Maman
stay,permanecer,bleiben,rester
fear,miedo,Furcht,peur
Sorry,Lo siento,Entschuldigung,DÃÂ©solÃÂ©
Hi,Hola,Hallo,Salut
alone,solo,allein,seul
arrived,llegÃÂ³,angekommen,arrivÃÂ©
quickly,rÃÂ¡pidamente,schnell,rapidement
take,llevar,nehmen,prendre
look at,mira a,ansehen,Regarder
either,cualquiera,entweder,soit
air,aire,Luft,air
what,quÃÂ©,Was,quoi
pass,aprobar,passieren,passer
three,tres,drei,trois
know,saber,wissen,savoir
jail,celda,GefÃÂ¤ngnis,prison
things,cosas,Dinge,des choses
son,hijo,Sohn,fils
ah,ahorcado,Ah,ah
down,abajo,runter,vers le bas
less,menos,weniger,moins
between,entre,zwischen,entre
pass,aprobar,passieren,passer
Hey,Ey,Hey,HÃÂ©
tomorrow,maÃÂ±ana,morgen,demain
call,llamar,Anruf,appel
big,grande,groÃÂ,grand
head,cabeza,Kopf,tÃÂªte
want,desear,wollen,vouloir
do,hacer,Tun,faire
stopped,interrumpido,gestoppt,arrÃÂªtÃÂ©
eh,eh,Eh,Eh
hold on,esperar,festhalten,attendez
OK,DE ACUERDO,OK,D'ACCORD
reason,razÃÂ³n,Grund,raison
children,niÃÂ±os,Kinder,enfants
enough,suficiente,genug,assez
would have,tendrÃÂ­a,hÃÂ¤tte,aurait
they,ellos,Sie,ils
wanted,buscado,gesucht,recherchÃÂ©
are,son,Sind,sont
days,dÃÂ­as,Tage,jours
speak,hablar,sprechen,parler
moment,momento,Moment,moment
love,amar,Liebe,amour
all,todo,alle,tous
hour,hora,Stunde,heure
Then,Entonces,Dann,Alors
late,tarde,spÃÂ¤t,en retard
kill,matar,tÃÂ¶ten,tuer
eh,eh,Eh,Eh
of,de,von,de
friend,amigo,Freund,ami
small,pequeÃÂ±o,klein,petit
leave,dejar,verlassen,partir
men,hombres,MÃÂ¤nner,Hommes
know,saber,wissen,savoir
help,ayuda,helfen,aide
know,saber,wissen,savoir
guys,tipo,Jungs,les gars
chance,oportunidad,Chance,chance
How much,CuÃÂ¡nto,Wie viel,Combien
so much,mucho,so viel,tellement
knows,saber,weiÃÂ,sache
go,ir,gehen,aller
car,auto,Auto,voiture
taken,tomado,genommen,pris
issue,asunto,Ausgabe,problÃÂ¨me
Today,Hoy,Heute,Aujourd'hui
cut,cortar,schneiden,couper
door,puerta,TÃÂ¼r,porte
would be,serÃÂ­a,wÃÂ¤re,serait
take,llevar,nehmen,prendre
come,venir,kommen,viens
work,trabajar,arbeiten,travail
could,podrÃÂ­a,kÃÂ¶nnte,pourrait
family,familia,Familie,famille
alone,solo,allein,seul
sense,sentido,Sinn,sens
let's go,vamos,lass uns gehen,allons-y
whore,puta,Hure,putain
idea,idea,Idee,idÃÂ©e
neither,ni,weder,ni l'un ni l'autre
against,contra,gegen,contre
goodbye,adiÃÂ³s,Verabschiedung,au revoir
heard,escuchÃÂ³,gehÃÂ¶rt,entendu
understand,entender,verstehen,comprendre
pass,aprobar,passieren,passer
during,durante,wÃÂ¤hrend,pendant
find,encontrar,finden,trouver
a few,algunos,ein paar,quelques
come,venir,kommen,viens
old,viejo,alt,vieux
would have,tendrÃÂ­a,hÃÂ¤tte,aurait
attention,atenciÃÂ³n,Aufmerksamkeit,attention
request,pedido,Anfrage,demande
seek,buscar,suchen,chercher
below,abajo,unten,ci-dessous
can,poder,dÃÂ¼rfen,peut
here is,aquÃÂ­ estÃÂ¡,hier ist,Voici
could,podrÃÂ­a,kÃÂ¶nnte,pourrait
blood,sangre,Blut,sang
history,historia,Geschichte,histoire
friends,amigos,Freunde,amis
to go out,salir,ausgehen,sortir
question,pregunta,Frage,question
come,venir,kommen,viens
stay,permanecer,bleiben,rester
brother,hermano,Bruder,frÃÂ¨re
city,ciudad,Stadt,ville
finished,finalizado,fertig,fini
new,nuevo,neu,nouveau
them,a ellos,ihnen,eux
thing,cosa,Ding,chose
hold,sostener,halten,prise
eyes,ojos,Augen,yeux
month,mes,Monat,mois
leave alone,dejar solo,allein lassen,laisser seul
dude,dudar,Alter,mec
a long time,mucho tiempo,eine lange Zeit,un long moment
beautiful,hermoso,SchÃÂ¶n,beau
police,policÃÂ­a,Polizei,police
only,solo,nur,seulement
imported,importado,importiert,importÃÂ©
hours,horas,Std.,heures
water,agua,Wasser,eau
because,porque,Weil,parce que
great,excelente,GroÃÂartig,super
each,cada,jede,chaque
case,caso,Fall,cas
are going,van,gehen,vont
kill,matar,tÃÂ¶ten,tuer
earth,tierra,Erde,Terre
place,lugar,Ort,lieu
hand,mano,Hand,main
together,juntos,zusammen,ensemble
kind,amable,Art,gentil
beautiful,hermoso,SchÃÂ¶n,beau
pardon,indulto,Begnadigung,pardon
towards,hacia,in Richtung,vers
none,ninguno,keiner,aucun
war,guerra,Krieg,guerre
find,encontrar,finden,trouver
part,parte,Teil,partie
following,siguiente,folgen,suivant
pray,orar,beten,prier
in front,Al frente,vorne,devant
Understood,Comprendido,Verstanden,Compris
arrived,llegÃÂ³,angekommen,arrivÃÂ©
mrs,seÃÂ±ora,Frau,Mme
their,su,ihre,leur
were,eran,war,ÃÂ©taient
put,poner,setzen,mettre
Morning,MaÃÂ±ana,Morgen,Matin
help,ayuda,helfen,aide
above,arriba,ÃÂ¼ber,au-dessus de
be,ser,Sei,ÃÂªtre
gender,gÃÂ©nero,Geschlecht,genre
END,FIN,ENDE,FIN
lost,perdido,verloren,perdu
young,joven,jung,jeune
first,primero,Erste,d'abord
wait,esperar,Warten,attendez
child,niÃÂ±o,Kind,enfant
given,dado,gegeben,donnÃÂ©
came,vino,kam,est venu
would like to,gustaria,wÃÂ¼rde gerne,aimerais
right,bien,Rechts,droite
side,lado,Seite,cÃÂ´tÃÂ©
bedroom,dormitorio,Schlafzimmer,chambre ÃÂ  coucher
far,lejos,weit,loin
give,dar,geben,donner
should,deberÃÂ­a,sollen,devrait
to leave,dejar,verlassen,partir
fire,fuego,Feuer,feu
play,jugar,spielen,jouer
ie,es decir,dh,c'est ÃÂ  dire
train,tren,Zug,former
fat,gordo,fett,graisse
account,cuenta,Konto,compte
s,s,S,s
knew,sabÃÂ­a,wusste,savait
die,morir,sterben,mourir
power,fuerza,Leistung,pouvoir
look,mirar,sehen,regarder
speak,hablar,sprechen,parler
given,dado,gegeben,donnÃÂ©
first,primero,Erste,d'abord
will have,tendrÃÂ¡,werde haben,aura
last,ÃÂºltimo,zuletzt,dernier
minutes,minutos,Protokoll,minutes
none,ninguno,keiner,aucun
husband,marido,Ehemann,mari
Finally,Finalmente,Endlich,Enfin
Mrs,SeÃÂ±ora,Frau,Mme
way,forma,Weg,chemin
should,deberÃÂ­a,sollen,devrait
put,poner,setzen,mettre
movie,pelÃÂ­cula,Film,film
women,mujer,Frauen,femmes
strong,fuerte,stark,fort
could,podrÃÂ­a,kÃÂ¶nnte,pourrait
listen,escuchar,HÃÂ¶ren,ÃÂ©couter
country,paÃÂ­s,Land,pays
left,izquierda,links,gauche
affair,amorÃÂ­o,AffÃÂ¤re,affaire
place,lugar,Ort,lieu
body,cuerpo,KÃÂ¶rper,corps
IA,I A,Ia,Ia
mad,enojado,verrÃÂ¼ckt,fou
live,vivir,live,en direct
ready,listo,bereit,prÃÂªt
of which,de los cuales,von welchem,dont
hope,esperanza,Hoffnung,espoir
big,grande,groÃÂ,grand
cause,causa,Ursache,cause
point,punto,Punkt,indiquer
girls,chicas,MÃÂ¤dchen,filles
out,afuera,aus,dehors
yesterday,ayer,gestern,hier
job,trabajo,Arbeit,emploi
thought,pensamiento,Gedanke,pensÃÂ©e
boy,chico,Junge,garÃÂ§on
close,cerca,schlieÃÂen,fermer
Sorry,Lo siento,Entschuldigung,DÃÂ©solÃÂ©
five,cinco,fÃÂ¼nf,cinq
chief,jefe,Chef,chef
h,H,H,H
Thus,De este modo,Daher,Ainsi
high,alto,hoch,haut
the one,el ÃÂºnico,der Eine,celui
request,pedido,Anfrage,demande
would say,dirÃÂ­a,wÃÂ¼rde sagen,dirait
baby,bebÃÂ©,Baby,bÃÂ©bÃÂ©
possible,posible,mÃÂ¶glich,possible
school,escuela,Schule,ÃÂ©cole
full,lleno,voll,complet
hands,manos,HÃÂ¤nde,mains
years,aÃÂ±os,Jahre,annÃÂ©es
say,decir,sagen,dire
new,nuevo,neu,nouveau
eat,comer,essen,manger
doctor,doctor,Arzt,mÃÂ©decin
round,redondo,runden,rond
believe,creer,glauben,croire
those,aquellos,diese,ceux
four,cuatro,vier,quatre
instead,en cambio,stattdessen,plutÃÂ´t
walk,caminar,gehen,marcher
week,semana,Woche,semaine
truth,verdad,Wahrheit,vÃÂ©ritÃÂ©
envy,envidiar,Neid,envie
captain,capitÃÂ¡n,KapitÃÂ¤n,capitaine
e,mi,e,e
Stop,Detener,Stoppen,ArrÃÂªt
business,negocio,GeschÃÂ¤ft,entreprise
Soon,Pronto,Bald,BientÃÂ´t
view,vista,Sicht,voir
ask,preguntar,fragen,demander
last,ÃÂºltimo,zuletzt,dernier
moment,momento,Moment,moment
try,intentar,versuchen,essayer
arrive,llegar,ankommen,arriver
make,hacer,machen,faire
such,semejante,solch,tel
behind,detrÃÂ¡s,hinter,derriÃÂ¨re
to fall,caer,fallen,tomber
almost,casi,fast,presque
wanted to,querÃÂ­a,wollte,voulait
best,mejor,am besten,meilleur
number,nÃÂºmero,Nummer,nombre
DR,DR,DR,Dr
daytime,tiempo de dÃÂ­a,Tageszeit,jour
to call,llamar,anrufen,appeler
dollars,dÃÂ³lares,Dollar,dollar
vs,VS,vs,contre
trust,confianza,Vertrauen,confiance
guard,guardia,bewachen,garde
remember,recordar,erinnern,souviens-toi
hard,duro,hart,dur
will be,serÃÂ¡,wird sein,sera
desk,escritorio,Schreibtisch,bureau
see,ver,sehen,voir
on board,a bordo,an Bord,ÃÂ  bord
important,importante,wichtig,important
have to,tengo que,mÃÂ¼ssen,devoir
ben,ben,Ben,Ben
penalty,multa,Strafe,peine
course,curso,Kurs,cours
will,voluntad,Wille,volontÃÂ©
takes,acepta,nimmt,prendre des prises
lord,caballero,Herr,seigneur
enough,suficiente,genug,assez
road,camino,StraÃÂe,route
ass,culo,Arsch,cul
they,ellos,Sie,ils
minute,minuto,Minute,minute
Good evening,Buenas noches,Guten Abend,Bonne soirÃÂ©e
game,juego,Spiel,jeu
believed,creÃÂ­do,geglaubt,a cru
farm,granja,Bauernhof,ferme
pleasure,placer,VergnÃÂ¼gen,plaisir
would like,gustarÃÂ­a,MÃÂ¶chte,voudrais
happy,feliz,GlÃÂ¼cklich,heureux
word,palabra,Wort,mot
music,mÃÂºsica,Musik,musique
dog,perro,Hund,chien
gentlemen,caballeros,Herren,Messieurs
take,llevar,nehmen,prendre
calm,calma,ruhig,calme
parents,padres,Eltern,parents
o,O,ÃÂ,o
crazy,loco,verrÃÂ¼ckt,fou
Stop,Detener,Stoppen,ArrÃÂªt
marriage,casamiento,Hochzeit,mariage
enter,ingresar,eingeben,entrer
to return,regresar,zurÃÂ¼ckgeben,rendre
has,tiene,hat,a
bed,cama,Bett,lit
sees,visiÃÂ³n,sieht,voir
as much,como mucho,So viel,autant
come back,regresar,Komm zurÃÂ¼ck,revenir
Perfect,Perfecto,Perfekt,Parfait
heart,corazÃÂ³n,Herz,cÃÂur
this,este,Das,ce
service,servicio,Service,service
phone,telÃÂ©fono,Telefon,tÃÂ©lÃÂ©phone
poor,pobre,arm,pauvre
Miss,ExtraÃÂ±ar,Vermissen,Manquer
waits,murga,wartet,attente
funny,divertido,lustig,drÃÂ´le
will go,irÃÂ©,werde gehen,ira
Sometimes,A veces,Manchmal,Parfois
L,L,L,L
back,atrÃÂ¡s,zurÃÂ¼ck,dos
has,tiene,hat,a
glass,vaso,Glas,verre
think,pensar,denken,pense
six,seis,sechs,six
this,este,Das,ce
impossible,imposible,unmÃÂ¶glich,impossible
will do,servirÃÂ¡,wird tun,ÃÂ§a ira
likes,gustos,Likes,aime
pay,pagar,zahlen,payer
easy,fÃÂ¡cil,einfach,facile
master,maestro,Meister,maÃÂ®tre
new,nuevo,neu,nouveau
called,llamado,angerufen,appelÃÂ©
bad,malo,schlecht,mauvais
general,general,allgemein,gÃÂ©nÃÂ©ral
doubt,duda,zweifeln,doute
prison,prisiÃÂ³n,GefÃÂ¤ngnis,prison
adore,adorar,verehren,adorer
mistake,error,Fehler,erreur
hear,escuchar,hÃÂ¶ren,entendre
forget,olvidar,vergessen,oublier
arm,brazo,Arm,bras
Exactly,Exactamente,genau,Exactement
party,fiesta,Party,faire la fÃÂªte
coffee,cafÃÂ©,Kaffee,cafÃÂ©
Dear,Estimado,Liebling,Cher
go outside,Salir afuera,geh nach draussen,sors
kind,amable,Art,gentil
think,pensar,denken,pense
worth,valer,Wert,valeur
john,John,John,John
place,lugar,Ort,lieu
sick,enfermo,krank,malade
to change,cambiar,wechseln,changer
king,rey,KÃÂ¶nig,roi
begin,comenzar,beginnen,commencer
hear,escuchar,hÃÂ¶ren,entendre
president,presidente,PrÃÂ¤sident,prÃÂ©sident
to work,trabajar,arbeiten,travailler
everywhere,en todos lados,ÃÂ¼berall,partout
Dear,Estimado,Liebling,Cher
dead,muerto,tot,mort
give back,devolver,zurÃÂ¼ck geben,redonner
writing,escribiendo,Schreiben,en ÃÂ©crivant
team,equipo,Team,ÃÂ©quipe
plays,obras de teatro,TheaterstÃÂ¼cke,piÃÂ¨ces
I,I,ICH,je
Otherwise,De lo contrario,Ansonsten,Sinon
spirit,espÃÂ­ritu,Geist,esprit
look,mirar,sehen,regarder
go home,Vete a casa,nach Hause gehen,rentrer chez soi
plan,plan,planen,plan
heart,corazÃÂ³n,Herz,cÃÂur
want,desear,wollen,vouloir
to show,mostrar,zeigen,montrer
desired,deseado,gewÃÂ¼nscht,voulu
drink,beber,trinken,boire
work,trabajar,arbeiten,travail
own,propio,eigen,propre
year,aÃÂ±o,Jahr,annÃÂ©e
state,estado,Zustand,ÃÂtat
be,ser,Sei,ÃÂªtre
drink,beber,trinken,boire
look for,buscar,Suche,chercher
leave alone,dejar solo,allein lassen,laisser seul
to try,intentar,versuchen,essayer
of the,del,des,de la
seems,parece,scheint,semble
ies,fondos,ies,ies
jack,Jacobo,Jack,jack
ten,diez,zehn,dix
did,hizo,tat,a fait
awesome,impresionante,Eindrucksvoll,gÃÂ©nial
thinking,pensamiento,Denken,pensÃÂ©e
security,seguridad,Sicherheit,sÃÂ©curitÃÂ©
early,temprano,frÃÂ¼h,tÃÂ´t
put,poner,setzen,mettre
dream,sueÃÂ±o,Traum,rÃÂªve
army,ejÃÂ©rcito,Armee,armÃÂ©e
lose,perder,verlieren,perdre
d,d,D,d
talk,hablar,sprechen,parler
notice,aviso,beachten,avis
Above all,Sobre todo,ÃÂber alles,Par dessus tout
difficult,difÃÂ­cil,schwierig,difficile
york,York,York,York
sleep,dormir,schlafen,dormir
Next,PrÃÂ³ximo,NÃÂ¤chste,Suivant
worse,peor,schlechter,pire
listen,escuchar,HÃÂ¶ren,ÃÂ©couter
simple,simple,einfach,simple
was going to,iba a,ging zu,allait
peace,paz,Frieden,paix
dead,muerto,tot,mort
armed,armado,bewaffnet,armÃÂ©
subject,sujeto,Thema,sujet
delay,demora,VerzÃÂ¶gerung,retard
let's see,vamos a ver,mal sehen,Voyons
book,libro,Buch,livre
learned,aprendiÃÂ³,gelernt,appris
can,poder,dÃÂ¼rfen,peut
dirty,sucio,schmutzig,sale
would be,serÃÂ­a,wÃÂ¤re,serait
often,a menudo,oft,souvent
year,aÃÂ±o,Jahr,annÃÂ©e
except,excepto,auÃÂer,sauf
choice,elecciÃÂ³n,Auswahl,choix
certainly,ciertamente,sicherlich,certainement
have been,ha sido,gewesen sein,ont ÃÂ©tÃÂ©
gold,oro,Gold,or
face,rostro,Gesicht,affronter
order,orden,Befehl,commande
to understand,comprender,verstehen,comprendre
try,intentar,versuchen,essayer
black,negro,Schwarz,noir
dinner,cena,Abendessen,dÃÂ®ner
age,edad,Alter,ÃÂ¢ge
path,camino,Weg,chemin
exchange,intercambio,Austausch,ÃÂ©change
end,fin,Ende,fin
Street,Calle,StraÃÂe,Rue
worry,preocuparse,Sorge,inquiÃÂ©tude
photo,foto,Foto,photo
go,ir,gehen,aller
people,gente,Menschen,personnes
serious,grave,ernst,sÃÂ©rieux
sky,cielo,Himmel,ciel
honor,honor,Ehre,honneur
friend,amigo,Freund,ami
strength,fortaleza,StÃÂ¤rke,force
J,J,J,J
keep,mantener,halten,garder
small,pequeÃÂ±o,klein,petit
to pull,para tirar,ziehen,tirer
millions,millones,Millionen,des millions
walk,caminar,gehen,marcher
news,noticias,Nachricht,nouvelles
voice,voz,Stimme,voix
weeks,semanas,Wochen,semaines
could,podrÃÂ­a,kÃÂ¶nnte,pourrait
fluent,fluido,flieÃÂend,courant
about,acerca de,um,ÃÂ  propos
boat,bote,Boot,bateau
forget,olvidar,vergessen,oublier
stupid,estÃÂºpido,dumm,stupide
that,eso,Das,que
LEFT,IZQUIERDA,LINKS,GAUCHE
thrilled,encantado,begeistert,content
price,precio,Preis,prix
red,rojo,Rot,rouge
hunger,hambre,Hunger,faim
would do,harÃÂ­a,wÃÂ¼rdest du,ferait
plane,aviÃÂ³n,Flugzeug,avion
become,convertirse,werden,devenir
duty,deber,Pflicht,devoir
next,prÃÂ³ximo,nÃÂ¤chste,suivant
Stay,Permanecer,Bleiben,Rester
buy,comprar,kaufen,acheter
journey,viaje,Reise,voyage
sort,clasificar,Sortieren,trier
long,largo,lang,long
species,especies,Spezies,espÃÂ¨ces
silly,tonto,dumm,idiot
mouth,boca,Mund,bouche
beginning,comienzo,Anfang,dÃÂ©but
move,mover,bewegen,se dÃÂ©placer
keep on going,sigue adelante,geh weiter,Continue
hospital,hospital,Krankenhaus,hÃÂ´pital
spell,deletrear,Fluch,ÃÂ©peler
grace,gracia,Anmut,la grÃÂ¢ce
problems,problemas,Probleme,problÃÂ¨mes
message,mensaje,Nachricht,message
some,alguno,manche,quelques
boss,jefe,Chef,chef
safe,seguro,sicher,sÃÂ»r
received,recibiÃÂ³,erhalten,reÃÂ§u
stuff,cosa,Sachen,truc
had,tenÃÂ­a,hatte,avait
open,abierto,offen,ouvrir
promised,prometido,versprochen,promis
tea,tÃÂ©,Tee,thÃÂ©
uncle,tÃÂ­o,Onkel,oncle
uh,oh,ÃÂ¤h,euh
know,saber,wissen,savoir
leave,dejar,verlassen,partir
owe,deber,verdanken,devoir
Welcome,Bienvenido,Willkommen,Accueillir
busy,ocupado,beschÃÂ¤ftigt,occupÃÂ©
alla,alla,Alla,alla
camp,acampar,Lager,camp
lack,falta,Mangel,manque
sun,sol,Sonne,soleil
was to,era para,war zu,ÃÂ©tait de
pars,pars,Pars,pars
could,podrÃÂ­a,kÃÂ¶nnte,pourrait
hair,cabello,Haar,cheveux
weapons,arma,Waffen,armes
Think,Pensar,Denken,Pense
room,habitaciÃÂ³n,Zimmer,chambre
believe,creer,glauben,croire
weird,extraÃÂ±o,seltsam,bizarre
earn,ganar,verdienen,gagner
begin,comenzar,beginnen,commencer
bottom,abajo,unten,bas
save,ahorrar,speichern,sauvegarder
piece,pedazo,StÃÂ¼ck,morceau
error,error,Fehler,erreur
elsewhere,en otra parte,anderswo,autre part
report,informe,Bericht,rapport
cold,frÃÂ­o,kalt,froid
learn,aprender,lernen,apprendre
scene,escena,Szene,scÃÂ¨ne
secret,secreto,Geheimnis,secrÃÂ¨te
bag,bolsa,Tasche,sac
second,segundo,zweite,deuxiÃÂ¨me
believed,creÃÂ­do,geglaubt,a cru
Hello,Hola,Hallo,Bonjour
to come back,volver,zurÃÂ¼ckkommen,revenir
beat,derrotar,schlagen,battre
hotel,hotel,Hotel,hÃÂ´tel
evening,noche,Abend,soirÃÂ©e
will have,tendrÃÂ¡,werde haben,aura
sister,hermana,Schwester,sÃÂur
feet,pies,FÃÂ¼ÃÂe,pieds
will be,serÃÂ¡,wird sein,sera
map,mapa,Karte,carte
pretty,bonito,hÃÂ¼bsch,joli
not,no,nicht,pas
foot,pie,FuÃÂ,pied
band,banda,Band,groupe
coming,prÃÂ³ximo,Kommen,ÃÂ  venir
mounted,montado,montiert,montÃÂ©
agent,agente,Agent,agent
had to,tuve que,musste,devait
effect,efecto,Wirkung,effet
free,gratis,frei,gratuit
will be,serÃÂ¡,wird sein,sera
cum,semen,Sperma,sperme
mess,desorden,Durcheinander,dÃÂ©sordre
words,palabras,WÃÂ¶rter,mots
nine,nueve,neun,neuf
drawn,dibujado,gezeichnet,dessinÃÂ©
fake,falso,gefÃÂ¤lscht,faux
situation,situaciÃÂ³n,Situation,situation
kill,matar,tÃÂ¶ten,tuer
light,luz,Licht,lumiÃÂ¨re
old,viejo,alt,vieux
RIGHT,BIEN,RECHTS,DROITE
standing,de pie,Stehen,debout
Christmas,Navidad,Weihnachten,NoÃÂ«l
horse,caballo,Pferd,cheval
interior,interior,Innere,intÃÂ©rieur
Listen,Escuchar,HÃÂ¶ren,ÃÂcouter
pretty,bonito,hÃÂ¼bsch,joli
won,ganado,gewonnen,gagnÃÂ©
law,ley,Gesetz,loi
Come in,Adelante,Komm herein,Entrez
aura,aura,Aura,aura
amazing,asombroso,toll,incroyable
letter,carta,Brief,lettre
here,aquÃÂ­,Hier,ici
to occupy,para ocupar,besetzen,occuper
know,saber,wissen,savoir
absolutely,absolutamente,absolut,absolument
had,tenÃÂ­a,hatte,avait
lady,dama,Dame,dame
teacher,maestro,Lehrer,professeur
money,dinero,Geld,argent
George,Jorge,George,George
find,encontrar,finden,trouver
corner,esquina,Ecke,coin
table,mesa,Tisch,tableau
colonel,coronel,Oberst,colonel
soul,alma,Seele,ÃÂ¢me
back,atrÃÂ¡s,zurÃÂ¼ck,dos
Magnificent,MagnÃÂ­fico,Herrlich,Magnifique
meet,encontrarse,treffen,rencontrer
best,mejor,am besten,meilleur
remember,recordar,erinnern,souviens-toi
calm,calma,ruhig,calme
was,era,War,ÃÂ©tait
hot,caliente,heiÃÂ,chaud
MR,SEÃÂOR,HERR,M
to start,para comenzar,anfangen,commencer
sister,hermana,Schwester,sÃÂur
act,acto,Akt,acte
cool,FrÃÂ­o,Cool,cool
gently,suavemente,sanft,doucement
The same,Lo mismo,Das gleiche,Le mÃÂªme
youth,juventud,Jugend,jeunesse
joe,JosÃÂ©,Joe,Joe
accident,accidente,Unfall,accident
call,llamar,Anruf,appel
birthday,cumpleaÃÂ±os,Geburtstag,anniversaire
white,blanco,WeiÃÂ,blanc
finish,finalizar,beenden,finition
risk,riesgo,Risiko,risque
must,debe,muss,doit
AVERAGE,PROMEDIO,DURCHSCHNITT,MOYENNE
finished,finalizado,fertig,fini
completely,completamente,vollstÃÂ¤ndig,complÃÂ¨tement
clear,claro,klar,clair
murder,asesinato,Mord,meurtre
sat,se sentÃÂ³,Sa,assis
speak,hablar,sprechen,parler
happy,feliz,GlÃÂ¼cklich,heureux
orders,pedidos,AuftrÃÂ¤ge,ordres
said,dicho,sagte,dit
touch,tocar,berÃÂ¼hren,touche
Frank,Franco,Frank,Franc
loans,prÃÂ©stamos,Kredite,prÃÂªts
do,hacer,Tun,faire
may,puede,Mai,peut
lunch,almuerzo,Mittagessen,dÃÂ©jeuner
sent,enviado,gesendet,envoyÃÂ©
read,leer,lesen,lire
said,dicho,sagte,dit
fall,caer,fallen,automne
on,en,An,sur
to walk,andar,gehen,marcher
advance,avance,Vorauszahlung,avance
hated,odiado,gehasst,dÃÂ©testÃÂ©
has,tiene,hat,a
bad,malo,schlecht,mauvais
edge,borde,Rand,bord
decided,decidido,entschieden,dÃÂ©cidÃÂ©
sea,mar,Meer,mer
alive,vivo,lebendig,vivant
doctor,doctor,Arzt,mÃÂ©decin
noon,mediodÃÂ­a,Mittag,midi
became,convertirse,wurde,devenu
watch,mirar,betrachten,montre
to carry,llevar,tragen,porter
real,real,real,rÃÂ©el
say,decir,sagen,dire
would do,harÃÂ­a,wÃÂ¼rdest du,ferait
ignore,ignorar,ignorieren,ignorer
charlie,charlie,Charlie,Charlie
to know,saber,wissen,savoir
silence,silencio,Schweigen,silence
devil,demonio,Teufel,diable
get out,salir,aussteigen,sortir
Tom,TomÃÂ¡s,Tom,ÃÂ M
gift,regalo,Geschenk,cadeau
Assumed,Ficticio,Vermutet,AssumÃÂ©
B,B,B,B
cops,policÃÂ­as,Polizisten,flics
lawyer,abogado,Rechtsanwalt,avocat
sworn,jurado,geschworen,jurÃÂ©
English,InglÃÂ©s,Englisch,Anglais
seven,Siete,Sieben,Sept
should,deberÃÂ­a,sollen,devrait
half,medio,HÃÂ¤lfte,moitiÃÂ©
love,amar,Liebe,amour
surprise,sorpresa,ÃÂberraschung,surprendre
each,cada,jede,chaque
will be,serÃÂ¡,wird sein,sera
exact,exacto,genau,exact
commanding officer,El oficial al mando,kommandierender Offizier,Commandant
TV,TELEVISOR,Fernseher,la tÃÂ©lÃÂ©
around,alrededor,um,autour
disappeared,desaparecido,verschwunden,disparu
line,lÃÂ­nea,Linie,doubler
explain,explicar,erklÃÂ¤ren,expliquer
to like,gustar,mÃÂ¶gen,aimer
arrival,llegada,Ankunft,arrivÃÂ©e
fat,gordo,fett,graisse
simply,simplemente,einfach,simplement
assignment,asignaciÃÂ³n,Abtretung,affectation
to go up,subir,hinaufgehen,ÃÂ  monter
hold,sostener,halten,prise
good,bien,Gut,bien
ball,pelota,Ball,balle
to leave,dejar,verlassen,partir
according to,de acuerdo a,entsprechend,selon
class,clase,Klasse,classe
Paris,ParÃÂ­s,Paris,Paris
got out,SaliÃÂ³,rausgekommen,sorti
eat,comer,essen,manger
people,gente,Menschen,personnes
habit,hÃÂ¡bito,Gewohnheit,habitude
way,forma,Weg,chemin
dangerous,peligroso,gefÃÂ¤hrlich,dangereux
pal,camarada,Kumpel,copain
control,control,Kontrolle,contrÃÂ´le
ready,listo,bereit,prÃÂªt
shame,lÃÂ¡stima,Scham,honte
encounter,encontrar,begegnen,rencontre
Pictures,Fotos,Bilder,Des photos
impression,impresiÃÂ³n,Eindruck,impression
crazy,loco,verrÃÂ¼ckt,fou
to write,escribir,schreiben,pour ÃÂ©crire
follow,seguir,folgen,suivre
forget,olvidar,vergessen,oublier
books,libros,BÃÂ¼cher,livres
go,ir,gehen,aller
return,devolver,zurÃÂ¼ckkehren,retour
offer,oferta,Angebot,offre
song,canciÃÂ³n,Lied,chanson
send,enviar,schicken,envoyer
hole,agujero,Loch,trou
back,atrÃÂ¡s,zurÃÂ¼ck,dos
job,trabajo,Arbeit,emploi
America,America,Amerika,AmÃÂ©rique
eight,ocho,acht,huit
radio,radio,Radio,radio
Paul,Pablo,Paul,Paul
looks like,parece,sieht aus wie,ressemble ÃÂ 
attack,ataque,Attacke,attaque
stopped,interrumpido,gestoppt,arrÃÂªtÃÂ©
exchange,intercambio,Austausch,ÃÂ©change
kiss,beso,Kuss,baiser
Yet,TodavÃÂ­a,Noch,Encore
answer,respuesta,Antwort,rÃÂ©pondre
known,conocido,bekannt,connu
k,k,k,k
asshole,EstÃÂºpido,Arschloch,Connard
read,leer,lesen,lire
whore,puta,Hure,putain
band,banda,Band,groupe
hell,infierno,HÃÂ¶lle,enfer
hold,sostener,halten,prise
renders,renders,Rendern,rendu
sad,triste,traurig,triste
such,semejante,solch,tel
well done,bien hecho,gut gemacht,bien jouÃÂ©
be,ser,Sei,ÃÂªtre
knew,sabÃÂ­a,wusste,savait
David,David,David,David
several,varios,mehrere,plusieurs
exist,existir,existieren,exister
put,poner,setzen,mettre
laugh,reÃÂ­r,lachen,rire
company,compaÃÂ±ÃÂ­a,Unternehmen,entreprise
odd,extraÃÂ±o,seltsam,impair
example,ejemplo,Beispiel,exemple
had to,tuve que,musste,devait
lives,vidas,Leben,vies
fight,luchar,kÃÂ¤mpfen,lutte
rescue,rescate,Rettung,sauvetage
will have,tendrÃÂ¡,werde haben,aura
bullshit,mierda,Bullshit,connerie
visit,visita,besuchen,visite
plays,obras de teatro,TheaterstÃÂ¼cke,piÃÂ¨ces
Michael,Miguel,Michael,Michael
may,puede,Mai,peut
to sleep,dormir,schlafen,dormir
conceived,concebido,konzipiert,imaginÃÂ©
bob,Beto,Bob,bob
wonderful,maravilloso,wunderbar,merveilleux
continue,continuar,weitermachen,continuer
Listen,Escuchar,HÃÂ¶ren,ÃÂcouter
will say,dirÃÂ­a,werde sagen,diront
stolen,robado,gestohlen,volÃÂ©
moon,luna,Mond,lune
mouth,boca,Mund,bouche
south,sur,SÃÂ¼d,sud
dance,bailar,tanzen,danse
troubles,nubes,Probleme,troubles
aim,apuntar,Ziel,but
Ouch,Ay,Autsch,Aie
out,afuera,aus,dehors
exit,salida,Ausfahrt,sortie
